Year,OceanPH
1995,8.22774299347161
1996,8.1916379128432
1997,8.108398755120932
1998,8.103883327895463
1999,8.121176815612955
2000,8.074888022634195
2001,8.036589666192736
2002,8.082144408263952
2003,7.998093071239059
2004,8.028486519759866
2005,8.018828579233887
2006,7.96514626771057
2007,7.9627599661628
2008,7.923540789888092
2009,7.908246772307084
2010,7.960465011313604
2011,7.9096763546013085
2012,8.00747888622361
2013,7.945178853470943
2014,7.9280236528067425
